Rk,School,G,W,L,W-L%,SRS,SOS,,W,L,,W,L,,W,L,,Tm.,Opp.,,MP,FG,FGA,FG%,3P,3PA,3P%,FT,FTA,FT%,ORB,TRB,AST,STL,BLK,TOV,PF
1,Abilene Christian,33,14,19,.424,-7.18,-1.25,,5,13,,9,5,,3,12,,2321,2389,,1325,805,1840,.438,189,603,.313,522,741,.704,369,1047,440,321,91,472,691
2,Air Force,32,3,29,.094,-13.66,4.68,,0,20,,3,15,,0,12,,1969,2556,,1280,696,1637,.425,209,684,.306,368,574,.641,225,931,389,180,76,472,570
3,Akron NCAA,34,29,5,.853,9.04,-3.33,,17,1,,15,0,,9,3,,3004,2499,,1360,1090,2169,.503,371,979,.379,453,601,.754,386,1294,627,256,105,372,536
4,Alabama NCAA,32,23,9,.719,22.70,14.45,,13,5,,12,3,,7,3,,2935,2671,,1290,965,2108,.458,405,1131,.358,600,784,.765,391,1300,516,206,162,313,593
5,Alabama A&M,33,18,15,.545,-12.99,-10.49,,10,8,,12,5,,4,8,,2378,2393,,1325,784,1798,.436,214,616,.347,596,808,.738,311,1126,387,198,93,376,607
6,Alabama State,32,10,22,.313,-14.21,-8.14,,7,11,,5,4,,4,15,,2341,2473,,1280,814,1952,.417,238,746,.319,475,684,.694,400,1159,396,262,120,418,611
7,Albany (NY),32,11,21,.344,-13.92,-8.09,,7,9,,6,5,,4,13,,2303,2332,,1280,883,1886,.468,235,702,.335,302,457,.661,360,1100,445,221,128,389,538
8,Alcorn State,32,9,23,.281,-19.82,-6.54,,7,11,,5,4,,2,18,,2141,2566,,1282,764,1817,.420,204,612,.333,409,578,.708,301,965,356,246,109,436,565
9,American,32,16,16,.500,-6.91,-6.21,,9,9,,11,6,,5,10,,2387,2283,,1280,843,1876,.449,288,864,.333,413,550,.751,309,1016,428,247,48,338,594
10,Appalachian State,32,19,13,.594,-3.77,-5.67,,11,7,,11,4,,7,8,,2305,2114,,1285,800,1818,.440,254,837,.303,451,703,.642,391,1251,388,157,118,316,500
11,Arizona NCAA,34,32,2,.941,29.92,12.57,,16,2,,16,1,,9,1,,2929,2339,,1365,1039,2069,.502,200,555,.360,651,887,.734,434,1446,576,266,144,368,544
12,Arizona State,33,17,16,.515,10.79,12.79,,7,11,,10,5,,2,9,,2519,2585,,1320,853,1909,.447,245,733,.334,568,754,.753,337,1096,452,231,151,398,567
13,Arkansas NCAA,34,26,8,.765,22.43,12.57,,13,5,,17,1,,5,5,,3058,2723,,1380,1091,2182,.500,283,728,.389,593,794,.747,375,1227,578,247,175,306,574
14,Arkansas State,32,20,12,.625,-0.65,-4.39,,11,7,,11,4,,9,7,,2655,2471,,1295,897,1988,.451,298,896,.333,563,768,.733,456,1322,504,239,83,456,596
15,Arkansas-Pine Bluff,32,13,19,.406,-14.79,-6.92,,10,8,,7,4,,6,14,,2472,2593,,1285,855,1896,.451,242,706,.343,520,689,.755,329,1076,497,229,93,430,623
16,Army,32,11,21,.344,-15.28,-7.14,,5,13,,6,10,,5,10,,2309,2471,,1305,806,1957,.412,339,1045,.324,358,501,.715,376,1135,481,187,51,381,600
17,Auburn,33,17,16,.515,17.02,13.69,,7,11,,11,4,,2,8,,2730,2620,,1330,905,1981,.457,262,776,.338,658,885,.744,442,1202,418,246,138,338,577
18,Austin Peay,31,22,9,.710,-2.25,-6.70,,15,3,,12,1,,9,7,,2530,2269,,1240,874,1867,.468,260,725,.359,522,703,.743,331,1100,502,286,75,336,524
19,Ball State,31,12,19,.387,-9.58,-4.27,,7,11,,7,7,,4,11,,2093,2154,,1250,741,1765,.420,218,689,.316,393,566,.694,301,1001,393,235,83,330,492
20,Baylor,32,16,16,.500,15.33,11.78,,6,12,,11,6,,3,7,,2642,2469,,1280,938,1958,.479,263,762,.345,501,684,.732,408,1177,506,210,128,369,518
21,Bellarmine,32,13,19,.406,-9.00,-4.64,,7,11,,9,5,,2,13,,2561,2614,,1290,907,1741,.521,270,706,.382,477,602,.792,206,892,484,195,55,328,532
22,Belmont,32,26,6,.813,8.95,-0.41,,16,4,,13,2,,11,3,,2684,2347,,1290,963,1874,.514,349,864,.404,409,597,.685,292,1151,595,196,110,402,564
23,Bethune-Cookman,32,17,15,.531,-9.38,-6.45,,14,4,,10,1,,7,11,,2412,2462,,1295,855,1834,.466,182,546,.333,520,754,.690,333,1145,437,225,147,442,580
24,Binghamton,31,8,23,.258,-20.67,-10.78,,4,12,,7,8,,1,14,,2105,2321,,1265,725,1580,.459,164,502,.327,491,659,.745,207,969,361,160,92,382,519
25,Boise State,32,20,12,.625,12.04,7.84,,12,8,,12,4,,6,5,,2502,2351,,1310,821,1814,.453,266,777,.342,594,756,.786,344,1154,415,147,69,373,544
26,Boston College,31,11,20,.355,3.39,6.65,,4,14,,10,7,,1,10,,2090,2191,,1260,740,1815,.408,226,769,.294,384,588,.653,332,1135,351,150,128,322,520
27,Boston University,34,17,17,.500,-8.08,-8.23,,10,8,,10,5,,6,12,,2566,2514,,1395,911,1842,.495,319,811,.393,423,580,.729,282,1097,486,163,111,393,552
28,Bowling Green,32,18,14,.563,0.47,-3.57,,9,9,,10,7,,6,6,,2602,2290,,1285,921,1935,.476,227,658,.345,533,730,.730,326,1153,454,312,114,368,568
29,Bradley,33,21,12,.636,3.83,0.54,,13,7,,14,2,,4,7,,2560,2422,,1365,869,1982,.438,286,805,.355,536,731,.733,335,1132,441,265,103,320,615
30,Brigham Young NCAA,34,23,11,.676,21.04,12.45,,9,9,,12,3,,3,6,,2853,2561,,1365,1010,2117,.477,294,842,.349,539,723,.746,421,1302,459,245,151,369,536
31,Brown,27,9,18,.333,-9.90,-4.66,,3,11,,6,8,,3,10,,1900,1892,,1100,706,1591,.444,187,589,.317,301,441,.683,291,946,420,216,103,347,483
32,Bryant,31,9,22,.290,-18.19,-7.92,,5,11,,8,5,,1,17,,2010,2246,,1255,690,1700,.406,247,812,.304,383,513,.747,305,1032,376,183,130,407,507
33,Bucknell,33,10,23,.303,-14.38,-5.44,,6,12,,6,8,,4,12,,2223,2518,,1336,778,1855,.419,243,793,.306,424,552,.768,303,1037,420,238,59,424,586
34,Buffalo,32,17,15,.531,-3.52,-3.99,,7,11,,7,8,,8,6,,2497,2438,,1290,838,1773,.473,308,805,.383,513,699,.734,289,1013,465,242,87,348,516
35,Butler,32,16,16,.500,10.47,8.63,,7,13,,10,7,,3,8,,2540,2481,,1300,869,1923,.452,220,672,.327,582,809,.719,396,1209,497,208,102,362,490
36,Cal Poly,33,14,19,.424,-4.17,-0.20,,10,10,,8,6,,6,11,,2710,2805,,1325,892,2062,.433,358,1080,.331,568,722,.787,373,1261,451,217,73,501,638
37,Cal State Bakersfield,32,8,24,.250,-12.69,-1.26,,2,18,,6,11,,2,13,,2339,2629,,1280,795,1891,.420,158,545,.290,591,804,.735,366,1114,355,244,157,434,642
38,Cal State Fullerton,34,18,16,.529,-1.75,0.12,,12,8,,10,4,,6,10,,2822,2778,,1360,962,2133,.451,315,918,.343,583,813,.717,327,1202,548,277,97,391,641
39,Cal State Northridge,34,20,14,.588,-1.96,-1.27,,12,8,,12,3,,7,8,,2767,2713,,1365,1012,2228,.454,243,753,.323,500,750,.667,443,1407,574,234,98,447,616
40,California,32,21,11,.656,11.67,7.61,,9,9,,16,4,,4,6,,2492,2344,,1290,829,1871,.443,287,796,.361,547,702,.779,293,1112,438,188,100,330,602
41,California Baptist NCAA,33,25,8,.758,2.52,-2.93,,13,5,,15,0,,7,7,,2410,2230,,1335,845,1957,.432,212,629,.337,508,707,.719,458,1318,341,181,95,408,617
42,Campbell,34,16,18,.471,-2.85,-0.10,,8,10,,10,4,,3,13,,2691,2639,,1360,914,2010,.455,244,740,.330,619,853,.726,425,1216,426,228,62,420,601
43,Canisius,31,10,21,.323,-16.98,-7.85,,5,15,,7,8,,3,13,,1951,2184,,1245,676,1686,.401,222,670,.331,377,525,.718,320,1037,372,153,80,393,543
44,Central Arkansas,34,22,12,.647,-1.34,-4.66,,15,3,,14,1,,6,10,,2749,2541,,1385,967,2115,.457,364,1040,.350,451,636,.709,368,1220,553,300,63,369,557
45,Central Connecticut State,30,18,12,.600,-11.33,-9.94,,12,6,,10,4,,8,8,,2215,2127,,1205,803,1704,.471,219,595,.368,390,507,.769,272,1031,414,168,121,317,411
46,Central Michigan,31,10,21,.323,-8.48,-2.48,,6,12,,8,5,,1,15,,2275,2384,,1240,837,1791,.467,201,607,.331,400,572,.699,311,1012,469,205,130,392,547
47,Charleston Southern,32,15,17,.469,-6.70,-6.66,,6,10,,10,4,,5,11,,2670,2563,,1310,942,2060,.457,383,1060,.361,403,623,.647,380,1345,536,155,156,446,694
48,Charlotte,34,17,17,.500,-0.20,1.08,,9,9,,11,6,,4,8,,2492,2530,,1385,853,1871,.456,296,848,.349,490,684,.716,376,1174,444,156,116,406,573
49,Chattanooga,32,13,19,.406,-10.89,-6.96,,7,11,,7,8,,6,9,,2454,2408,,1280,859,1865,.461,338,944,.358,398,519,.767,250,1059,488,170,84,307,606
50,Chicago State,32,7,25,.219,-16.28,-4.93,,5,13,,5,6,,2,19,,2105,2434,,1285,752,1857,.405,185,581,.318,416,561,.742,342,996,375,261,40,335,600
51,Cincinnati,33,18,15,.545,15.50,9.95,,9,9,,15,3,,2,8,,2413,2230,,1325,859,1993,.431,296,872,.339,399,586,.681,367,1231,547,207,140,389,527
52,Clemson NCAA,34,24,10,.706,16.99,9.57,,12,6,,13,3,,6,5,,2521,2269,,1370,864,1906,.453,279,818,.341,514,708,.726,316,1166,434,215,96,319,545
53,Cleveland State,33,11,22,.333,-13.07,-3.04,,6,14,,7,8,,3,13,,2633,2836,,1320,873,1922,.454,357,953,.375,530,704,.753,324,1074,510,186,90,424,630
54,Coastal Carolina,32,19,13,.594,-7.52,-5.78,,11,7,,8,5,,10,7,,2346,2323,,1310,804,1950,.412,286,844,.339,452,620,.729,339,1283,334,140,106,344,586
55,Colgate,33,18,15,.545,-5.99,-5.38,,11,7,,9,5,,6,10,,2522,2462,,1350,928,1936,.479,243,677,.359,423,565,.749,292,1125,482,197,100,334,562
56,College of Charleston,32,21,11,.656,-1.17,-2.59,,14,4,,11,4,,8,4,,2413,2348,,1290,825,1853,.445,208,701,.297,555,758,.732,340,1191,431,180,144,341,535
57,Colorado,32,17,15,.531,10.89,10.36,,7,11,,13,5,,2,8,,2559,2542,,1290,901,1918,.470,238,674,.353,519,686,.757,319,1097,502,203,108,327,560
58,Colorado State,33,21,12,.636,8.56,5.03,,11,9,,12,5,,6,5,,2510,2347,,1320,833,1704,.489,326,834,.391,518,672,.771,285,1062,525,176,69,391,554
59,Columbia,28,16,12,.571,-2.56,-3.95,,5,9,,9,5,,7,7,,2146,2007,,1130,799,1681,.475,222,625,.355,326,474,.688,359,1099,443,164,84,365,460
60,Connecticut NCAA,34,29,5,.853,22.92,10.53,,17,3,,15,2,,9,2,,2635,2214,,1370,962,1994,.482,283,804,.352,428,598,.716,395,1243,625,234,179,380,612
61,Coppin State,31,7,24,.226,-24.84,-8.11,,5,9,,3,6,,4,15,,2032,2493,,1245,704,1722,.409,185,606,.305,439,651,.674,348,1009,362,198,107,477,572
62,Cornell,28,15,13,.536,-1.67,-2.83,,8,6,,7,4,,8,8,,2477,2335,,1130,869,1754,.495,362,922,.393,377,508,.742,295,985,597,168,79,327,536
63,Creighton,32,15,17,.469,10.57,10.47,,9,11,,10,6,,4,8,,2404,2401,,1285,847,1891,.448,315,912,.345,395,520,.760,303,1126,495,186,85,363,459
64,Dartmouth,27,11,16,.407,-8.24,-2.92,,5,9,,5,8,,6,8,,2047,2071,,1085,676,1534,.441,272,753,.361,423,568,.745,238,953,375,135,99,329,433
65,Davidson,33,20,13,.606,4.27,2.76,,10,8,,11,7,,7,4,,2367,2225,,1335,841,1845,.456,293,815,.360,392,600,.653,323,1098,453,218,143,342,556
66,Dayton,34,23,11,.676,8.85,4.37,,12,6,,14,3,,6,5,,2528,2376,,1375,813,1822,.446,258,756,.341,644,858,.751,300,1118,487,284,137,407,567
67,Delaware,31,10,21,.323,-8.65,-2.45,,6,14,,5,10,,4,10,,2098,2293,,1265,720,1617,.445,268,744,.360,390,495,.788,197,947,376,175,95,373,450
68,Delaware State,31,8,23,.258,-22.55,-10.81,,2,12,,5,7,,2,14,,1896,2185,,1250,685,1721,.398,145,490,.296,381,553,.689,307,967,328,237,58,408,527
69,Denver,32,15,17,.469,-5.76,-2.04,,8,8,,9,5,,6,11,,2650,2650,,1280,927,1931,.480,283,745,.380,513,664,.773,333,1087,371,147,64,315,571
70,DePaul,32,16,16,.500,7.45,6.76,,8,12,,11,7,,4,7,,2248,2226,,1280,788,1812,.435,230,707,.325,442,639,.692,329,1064,480,221,110,385,573
71,Detroit Mercy,32,17,15,.531,-5.62,-3.19,,12,8,,9,5,,7,9,,2471,2475,,1280,870,1957,.445,210,603,.348,521,672,.775,392,1203,418,191,102,362,621
72,Drake,34,14,20,.412,-0.93,1.44,,6,14,,6,11,,4,7,,2552,2544,,1370,881,1991,.442,311,910,.342,479,666,.719,326,1202,458,186,105,348,571
73,Drexel,33,17,16,.515,-4.73,-4.48,,10,8,,12,4,,4,9,,2247,2221,,1320,805,1839,.438,258,737,.350,379,573,.661,358,1162,438,201,122,414,551
74,Duke NCAA,34,32,2,.941,31.55,12.41,,17,1,,15,0,,10,1,,2798,2147,,1360,973,1986,.490,309,881,.351,543,750,.724,424,1370,576,265,111,358,534
75,Duquesne,33,18,15,.545,3.38,2.34,,9,9,,12,6,,5,7,,2584,2481,,1340,888,1936,.459,285,847,.336,523,732,.714,353,1158,499,257,101,414,639
76,East Carolina,31,11,20,.355,-5.73,0.43,,6,12,,7,10,,4,8,,2217,2401,,1255,771,1841,.419,166,576,.288,509,723,.704,388,1133,365,199,122,379,498
77,East Tennessee State,34,23,11,.676,-0.64,-7.33,,13,5,,13,4,,8,6,,2638,2356,,1370,948,1942,.488,252,736,.342,490,659,.744,317,1146,481,297,111,346,557
78,East Texas A&M,32,11,21,.344,-11.01,-2.05,,6,16,,6,8,,4,13,,2246,2385,,1280,793,1831,.433,274,849,.323,386,570,.677,300,1059,515,233,102,414,542
79,Eastern Illinois,33,13,20,.394,-13.46,-5.83,,8,12,,9,6,,3,13,,2214,2321,,1335,791,1850,.428,180,557,.323,452,615,.735,330,1083,404,256,101,411,542
80,Eastern Kentucky,32,11,21,.344,-10.18,-4.58,,7,11,,8,7,,3,13,,2568,2619,,1300,877,2007,.437,360,1018,.354,454,626,.725,407,1153,468,224,99,376,588
81,Eastern Michigan,31,10,21,.323,-5.71,-1.51,,4,14,,7,7,,3,14,,2191,2279,,1250,808,1813,.446,186,578,.322,389,534,.728,309,1100,392,184,129,370,564
82,Eastern Washington,33,14,19,.424,-1.98,-0.48,,11,7,,8,4,,5,13,,2576,2606,,1330,914,1918,.477,239,667,.358,509,685,.743,336,1065,448,195,112,404,598
83,Elon,32,14,18,.438,-5.48,-3.01,,6,12,,8,8,,6,9,,2500,2492,,1300,872,1934,.451,286,834,.343,470,651,.722,383,1136,475,221,95,346,542
84,Evansville,32,7,25,.219,-8.81,3.69,,3,17,,5,10,,1,12,,2143,2447,,1290,755,1764,.428,250,763,.328,383,524,.731,249,1003,420,168,107,412,509
85,Fairfield,34,21,13,.618,-8.06,-9.06,,11,9,,12,4,,7,8,,2528,2432,,1365,924,2144,.431,258,769,.336,422,594,.710,473,1308,416,227,122,346,512
86,FDU,32,11,21,.344,-14.99,-7.43,,8,10,,8,6,,3,15,,2150,2245,,1285,744,1803,.413,254,820,.310,408,578,.706,385,1130,386,161,49,377,553
87,Florida NCAA,33,26,7,.788,27.90,13.11,,16,2,,14,1,,8,2,,2864,2376,,1320,1016,2125,.478,243,789,.308,589,830,.710,532,1499,549,221,167,394,586
88,Florida A&M,31,15,16,.484,-14.02,-8.95,,11,7,,8,4,,5,11,,2183,2312,,1245,758,1741,.435,213,654,.326,454,651,.697,331,1059,397,251,93,469,558
89,Florida Atlantic,33,18,15,.545,3.77,1.93,,9,9,,11,4,,4,8,,2596,2453,,1335,932,2021,.461,259,780,.332,473,666,.710,394,1279,436,194,177,406,581
90,Florida Gulf Coast,34,16,18,.471,-6.41,-5.03,,8,10,,11,6,,3,11,,2631,2598,,1375,962,2119,.454,270,833,.324,437,608,.719,406,1255,500,263,123,373,631
91,Florida International,32,15,17,.469,-1.82,-0.47,,8,12,,12,6,,3,10,,2580,2492,,1295,907,1986,.457,233,664,.351,533,774,.689,420,1214,475,293,148,416,574
92,Florida State,33,18,15,.545,11.66,9.24,,10,8,,11,6,,6,5,,2652,2572,,1320,901,2050,.440,343,1037,.331,507,711,.713,380,1166,473,261,129,361,603
93,Fordham,32,17,15,.531,0.25,-0.96,,8,10,,11,7,,4,6,,2235,2095,,1285,839,1907,.440,215,732,.294,342,491,.697,398,1227,459,235,69,365,501
94,Fresno State,32,13,19,.406,3.50,4.66,,7,13,,10,8,,2,10,,2331,2330,,1280,813,1827,.445,238,743,.320,467,627,.745,307,1103,409,213,70,405,533
95,Furman NCAA,34,22,12,.647,-3.24,-6.14,,10,8,,11,5,,7,5,,2600,2397,,1375,934,1963,.476,302,923,.327,430,623,.690,370,1291,532,163,112,406,513
96,Gardner-Webb,33,4,29,.121,-22.36,-1.86,,1,15,,3,10,,0,16,,2248,2820,,1320,811,1897,.428,227,735,.309,399,583,.684,282,1013,335,209,81,450,582
97,George Mason,32,23,9,.719,6.45,1.19,,11,7,,17,2,,4,6,,2347,2160,,1280,810,1706,.475,204,598,.341,523,718,.728,308,1115,406,161,95,340,491
98,George Washington,33,18,15,.545,9.05,2.24,,8,10,,12,4,,3,7,,2708,2433,,1325,937,2008,.467,329,935,.352,505,703,.718,421,1245,519,247,114,419,592
99,Georgetown,34,16,18,.471,9.22,8.51,,6,14,,10,7,,4,8,,2503,2479,,1375,869,1973,.440,221,694,.318,544,735,.740,382,1212,502,220,121,363,606
100,Georgia NCAA,32,22,10,.688,19.57,8.91,,10,8,,14,4,,6,4,,2874,2533,,1300,988,2097,.471,314,921,.341,584,775,.754,417,1222,478,268,195,341,545
101,Georgia Southern,37,21,16,.568,-6.48,-6.02,,8,10,,9,5,,7,8,,2994,2949,,1495,985,2251,.438,370,1099,.337,654,878,.745,398,1263,414,299,135,386,709
102,Georgia State,32,10,22,.313,-11.59,-4.59,,7,11,,7,7,,3,12,,2253,2391,,1285,725,1890,.384,260,817,.318,543,693,.784,343,1123,371,221,101,348,588
103,Georgia Tech,31,11,20,.355,3.10,6.74,,2,16,,10,9,,1,9,,2287,2400,,1245,817,1849,.442,215,613,.351,438,616,.711,330,1149,489,188,122,415,558
104,Gonzaga NCAA,33,30,3,.909,25.11,5.98,,16,2,,15,0,,8,2,,2809,2178,,1325,1067,2092,.510,220,648,.340,455,651,.699,395,1317,605,281,122,319,555
105,Grambling,33,14,19,.424,-12.21,-9.99,,7,11,,7,5,,4,13,,2321,2314,,1320,779,1812,.430,219,688,.318,544,743,.732,341,1107,396,266,94,481,616
106,Grand Canyon,32,20,12,.625,11.03,4.06,,13,7,,13,4,,6,5,,2420,2197,,1285,827,1818,.455,225,707,.318,541,718,.753,330,1158,410,211,115,391,592
107,Green Bay,33,18,15,.545,-5.00,-3.04,,12,8,,10,4,,6,9,,2469,2470,,1331,842,1734,.486,233,644,.362,552,721,.766,250,1033,460,148,90,345,559
108,Hampton,32,13,19,.406,-8.65,-4.55,,7,11,,10,2,,2,12,,2237,2264,,1290,768,1854,.414,205,697,.294,496,692,.717,399,1154,386,209,104,358,617
109,Harvard,29,17,12,.586,-1.61,-4.08,,10,4,,8,4,,9,6,,2032,1934,,1175,737,1592,.463,221,638,.346,337,422,.799,241,936,408,208,105,323,395
110,Hawaii NCAA,32,24,8,.750,4.85,-3.59,,14,6,,16,3,,6,5,,2548,2231,,1290,859,1870,.459,236,749,.315,594,802,.741,355,1257,439,212,130,431,571
111,High Point NCAA,34,30,4,.882,6.76,-7.89,,15,1,,17,1,,7,2,,3059,2389,,1370,1034,2104,.491,314,883,.356,677,911,.743,395,1237,554,370,130,318,634
112,Hofstra NCAA,34,24,10,.706,4.48,-2.46,,12,6,,10,2,,9,8,,2571,2246,,1370,886,2005,.442,322,876,.368,477,639,.746,422,1335,434,169,125,360,583
113,Holy Cross,33,11,22,.333,-13.67,-6.80,,5,13,,6,8,,4,14,,2251,2418,,1320,796,1826,.436,219,683,.321,440,582,.756,252,1031,358,189,59,335,515
114,Houston NCAA,34,28,6,.824,26.23,11.93,,14,4,,15,1,,6,3,,2623,2137,,1365,944,2099,.450,299,856,.349,436,565,.772,435,1244,499,263,131,289,612
115,Houston Christian,32,12,20,.375,-9.76,-3.63,,8,14,,9,5,,3,13,,2147,2309,,1285,758,1721,.440,194,628,.309,437,627,.697,327,1021,446,213,126,398,489
116,Howard NCAA,33,23,10,.697,-4.64,-11.85,,11,3,,11,4,,7,6,,2556,2236,,1324,860,1875,.459,220,637,.345,616,843,.731,409,1207,535,286,121,447,632
117,Idaho NCAA,35,21,14,.600,-0.05,-2.70,,9,9,,9,4,,7,9,,2753,2540,,1405,940,2097,.448,349,981,.356,524,713,.735,373,1309,439,205,81,370,636
118,Idaho State,33,13,20,.394,-5.54,-1.61,,5,13,,8,6,,3,12,,2459,2513,,1326,841,1860,.452,253,767,.330,524,710,.738,363,1098,393,173,139,366,582
119,Illinois NCAA,32,24,8,.750,26.45,11.89,,15,5,,14,3,,8,2,,2700,2234,,1300,918,1984,.463,349,1006,.347,515,653,.789,422,1301,470,120,148,284,428
120,Illinois State,32,20,12,.625,6.30,0.85,,12,8,,13,2,,5,7,,2404,2190,,1285,861,1845,.467,275,781,.352,407,580,.702,312,1142,432,183,74,363,538
121,Illinois-Chicago,34,19,15,.559,3.81,0.46,,12,8,,9,5,,7,8,,2567,2379,,1380,912,2006,.455,211,654,.323,532,729,.730,437,1237,493,271,121,407,571
122,Incarnate Word,31,12,19,.387,-7.09,-2.51,,7,15,,9,6,,2,12,,2302,2285,,1240,805,1801,.447,266,706,.377,426,595,.716,365,1062,362,167,77,346,548
123,Indiana,32,18,14,.563,16.70,10.70,,9,11,,14,4,,3,8,,2501,2309,,1295,849,1793,.474,314,906,.347,489,627,.780,263,1037,531,149,86,325,585
124,Indiana State,32,11,21,.344,-2.70,0.70,,4,16,,8,7,,3,12,,2354,2383,,1305,866,1864,.465,267,837,.319,355,525,.676,298,1122,560,198,103,439,514
125,Iona,32,18,14,.563,-7.27,-7.99,,10,10,,11,3,,6,8,,2363,2340,,1305,832,1899,.438,306,871,.351,393,556,.707,317,1139,447,212,95,384,519
126,Iowa NCAA,33,21,12,.636,19.00,9.76,,10,10,,14,3,,3,8,,2482,2177,,1325,873,1777,.491,264,739,.357,472,613,.770,291,971,506,235,66,320,582
127,Iowa State NCAA,34,27,7,.794,27.15,10.50,,12,6,,16,1,,5,5,,2781,2215,,1360,1003,2048,.490,307,794,.387,468,696,.672,403,1211,586,305,92,349,543
128,IU Indy,32,7,25,.219,-12.45,-4.15,,3,17,,5,9,,2,15,,2673,2825,,1285,1013,2204,.460,308,946,.326,339,466,.727,360,1037,648,284,102,384,706
129,Jackson State,33,12,21,.364,-19.48,-5.96,,10,8,,7,3,,4,15,,2318,2764,,1330,753,1936,.389,263,838,.314,549,724,.758,375,1122,345,208,98,459,638
130,Jacksonville,32,12,20,.375,-10.72,-5.05,,7,11,,8,4,,3,14,,2339,2349,,1290,835,1836,.455,227,695,.327,442,616,.718,355,1085,386,212,94,359,620
131,Jacksonville State,32,15,17,.469,-3.46,-2.80,,10,10,,10,7,,5,8,,2325,2188,,1290,779,1776,.439,249,695,.358,518,756,.685,350,1176,386,198,98,366,549
132,James Madison,33,18,15,.545,-4.96,-5.24,,9,9,,11,4,,5,10,,2460,2437,,1330,854,1876,.455,277,796,.348,475,673,.706,350,1212,413,172,139,385,619
133,Kansas NCAA,33,23,10,.697,21.10,14.86,,12,6,,14,2,,5,6,,2496,2290,,1330,883,1948,.453,243,695,.350,487,635,.767,334,1282,471,181,189,352,474
134,Kansas City,31,4,27,.129,-19.67,-1.92,,1,15,,3,11,,1,15,,2149,2600,,1245,774,1877,.412,208,692,.301,393,581,.676,327,1034,368,195,98,407,505
135,Kansas State,32,12,20,.375,8.58,10.86,,3,15,,10,8,,1,10,,2546,2619,,1280,929,2026,.459,302,829,.364,386,544,.710,333,1088,536,225,113,412,614
136,Kennesaw State NCAA,34,21,13,.618,0.13,-2.00,,10,10,,13,3,,4,8,,2834,2586,,1370,940,2106,.446,320,915,.350,634,918,.691,473,1371,485,241,180,404,680
137,Kent State,33,24,9,.727,-0.10,-2.45,,14,4,,14,3,,7,5,,2808,2628,,1345,918,2033,.452,325,909,.358,647,872,.742,432,1308,529,227,113,435,651
138,Kentucky NCAA,34,21,13,.618,19.80,12.86,,10,8,,14,4,,4,6,,2746,2510,,1360,955,2057,.464,275,806,.341,561,771,.728,406,1275,544,243,150,357,627
139,La Salle,32,9,23,.281,-4.10,4.00,,5,13,,7,6,,1,13,,2148,2370,,1280,745,1818,.410,171,573,.298,485,670,.724,392,1122,415,218,84,388,523
140,Lafayette,32,11,21,.344,-12.84,-6.58,,8,10,,6,10,,5,11,,2222,2381,,1285,787,1839,.428,236,735,.321,412,597,.690,297,1059,436,178,75,332,522
141,Lamar,31,12,19,.387,-5.73,-3.66,,7,15,,7,8,,5,10,,2167,2143,,1245,797,1856,.429,211,641,.329,362,516,.702,408,1155,449,201,136,372,535
142,Le Moyne,32,15,17,.469,-10.89,-9.31,,10,8,,9,4,,5,12,,2336,2341,,1280,805,1751,.460,241,709,.340,485,675,.719,266,1118,455,186,106,421,556
143,Lehigh NCAA,34,18,16,.529,-9.32,-7.04,,11,7,,13,4,,4,11,,2490,2515,,1405,886,1909,.464,267,743,.359,451,617,.731,261,1083,487,228,113,412,543
144,Liberty,32,25,7,.781,2.47,-1.57,,17,3,,14,2,,10,2,,2501,2253,,1290,892,1736,.514,340,854,.398,377,535,.705,181,931,551,202,110,283,451
145,Lindenwood,33,18,15,.545,-9.11,-8.44,,11,9,,9,5,,7,9,,2566,2398,,1320,928,2047,.453,194,629,.308,516,759,.680,421,1295,479,293,149,446,563
146,Lipscomb,32,19,13,.594,-4.18,-4.78,,12,6,,13,1,,6,11,,2549,2423,,1285,911,1973,.462,344,950,.362,383,508,.754,301,1107,576,224,90,361,511
147,Little Rock,32,12,20,.375,-12.97,-7.71,,9,11,,7,6,,5,13,,2257,2372,,1280,844,1893,.446,208,585,.356,361,535,.675,363,1083,448,252,143,409,502
148,Long Beach State,32,10,22,.313,-5.51,0.26,,6,14,,7,9,,3,13,,2396,2489,,1295,878,1922,.457,218,658,.331,422,581,.726,301,1063,418,223,95,409,647
149,Long Island University NCAA,34,24,10,.706,-4.96,-7.93,,15,3,,14,1,,10,9,,2519,2418,,1365,933,1941,.481,203,562,.361,450,674,.668,386,1190,464,266,183,442,599
150,Longwood,32,16,16,.500,-8.22,-7.88,,8,8,,11,4,,4,10,,2486,2370,,1315,861,1874,.459,198,628,.315,566,765,.740,390,1190,405,279,75,445,625
151,Louisiana,33,11,22,.333,-12.03,-5.03,,7,11,,7,8,,3,13,,2101,2332,,1320,740,1836,.403,250,743,.336,371,527,.704,324,1001,340,191,116,355,627
152,Louisiana State,32,15,17,.469,12.69,9.75,,3,15,,9,8,,3,7,,2606,2512,,1315,897,1904,.471,217,656,.331,595,779,.764,359,1180,471,191,125,352,598
153,Louisiana Tech,34,20,14,.588,-2.92,-2.98,,11,9,,14,3,,4,10,,2375,2210,,1375,872,1977,.441,198,662,.299,433,649,.667,449,1309,430,251,161,415,555
154,Louisiana-Monroe,32,4,28,.125,-18.52,-4.86,,1,17,,3,11,,1,15,,2318,2685,,1290,768,1859,.413,246,772,.319,536,733,.731,299,1037,390,196,109,388,463
155,Louisville NCAA,33,23,10,.697,23.41,10.83,,11,7,,15,2,,4,7,,2797,2382,,1320,948,2016,.470,380,1065,.357,519,675,.769,374,1269,564,227,110,384,608
156,Loyola (IL),33,9,24,.273,-6.13,2.84,,4,14,,6,10,,1,9,,2204,2500,,1325,757,1792,.422,271,855,.317,419,623,.673,340,1126,460,134,125,431,557
157,Loyola (MD),32,12,20,.375,-13.33,-8.49,,8,10,,8,6,,3,13,,2407,2466,,1300,844,1945,.434,305,914,.334,414,590,.702,341,1126,423,198,114,350,537
158,Loyola Marymount,32,15,17,.469,1.08,1.50,,6,12,,10,8,,4,7,,2376,2306,,1295,853,1861,.458,260,744,.349,410,582,.704,291,1088,421,196,131,383,569
159,Maine,32,8,24,.250,-16.91,-9.59,,6,10,,4,8,,4,14,,2001,2190,,1280,712,1600,.445,191,599,.319,386,602,.641,201,897,393,250,102,397,531
160,Manhattan,32,12,20,.375,-15.10,-7.90,,8,12,,7,7,,3,12,,2369,2526,,1295,810,1902,.426,230,709,.324,519,653,.795,341,1061,411,251,75,341,473
161,Marist,31,19,12,.613,-3.63,-8.60,,12,8,,11,4,,7,7,,2160,1979,,1245,798,1808,.441,206,628,.328,358,457,.783,311,1112,473,218,96,347,521
162,Marquette,32,12,20,.375,9.22,9.84,,7,13,,10,7,,2,10,,2405,2425,,1295,856,1954,.438,261,824,.317,432,640,.675,355,1095,497,299,98,364,545
163,Marshall,32,19,13,.594,-2.83,-4.41,,11,7,,13,4,,6,8,,2596,2497,,1280,927,1975,.469,322,876,.368,420,574,.732,363,1178,532,198,155,373,646
164,Maryland,33,12,21,.364,4.80,11.68,,4,16,,7,8,,2,10,,2300,2527,,1325,764,1878,.407,279,880,.317,493,683,.722,402,1168,345,157,97,410,595
165,Maryland-Baltimore County NCAA,32,24,8,.750,-4.40,-11.86,,14,2,,15,2,,9,6,,2439,2144,,1290,861,1827,.471,259,717,.361,458,601,.762,263,1135,389,161,82,307,424
166,Maryland-Eastern Shore,32,9,23,.281,-17.48,-8.35,,5,9,,6,4,,2,18,,2060,2265,,1305,765,1722,.444,172,574,.300,358,499,.717,335,1040,431,183,84,505,578
167,Massachusetts,33,17,16,.515,-2.14,-3.23,,7,11,,11,5,,2,8,,2648,2562,,1350,951,2027,.469,248,716,.346,498,741,.672,401,1237,562,220,72,429,685
168,Massachusetts-Lowell,33,15,18,.455,-14.12,-8.42,,9,7,,10,4,,5,14,,2471,2518,,1320,901,1956,.461,195,605,.322,474,711,.667,406,1236,412,173,101,403,485
169,McNeese NCAA,33,28,5,.848,7.74,-2.06,,19,3,,14,0,,9,5,,2641,2193,,1335,928,1985,.468,220,689,.319,565,756,.747,418,1162,467,348,143,317,618
170,Memphis,32,13,19,.406,3.95,5.42,,8,10,,10,6,,3,10,,2407,2454,,1290,853,1966,.434,209,662,.316,492,682,.721,419,1179,425,270,138,435,648
171,Mercer,32,19,13,.594,-2.87,-5.21,,11,7,,14,1,,5,11,,2646,2416,,1280,915,1978,.463,280,803,.349,536,741,.723,393,1204,440,252,110,333,494
172,Mercyhurst,34,17,17,.500,-9.86,-9.46,,10,8,,12,3,,5,14,,2358,2291,,1381,898,1984,.453,204,624,.327,358,494,.725,308,1110,498,246,129,322,620
173,Merrimack,34,23,11,.676,-4.27,-6.33,,17,3,,11,0,,9,8,,2330,2260,,1375,755,1816,.416,274,837,.327,546,693,.788,276,975,423,279,175,325,555
174,Miami (FL) NCAA,33,25,8,.758,18.04,7.28,,13,5,,15,3,,8,2,,2704,2349,,1320,989,1974,.501,217,625,.347,507,740,.685,404,1231,531,260,112,370,510
175,Miami (OH) NCAA,32,31,1,.969,5.37,-5.49,,18,0,,16,0,,14,0,,2902,2409,,1300,1001,1909,.524,334,853,.392,566,756,.749,265,1135,516,238,107,335,515
176,Michigan NCAA,34,31,3,.912,32.48,14.86,,19,1,,14,1,,11,0,,2952,2353,,1366,1034,2046,.505,308,855,.360,576,771,.747,374,1359,628,194,200,407,531
177,Michigan State NCAA,32,25,7,.781,23.44,12.91,,15,5,,15,2,,6,4,,2526,2189,,1290,882,1874,.471,245,682,.359,517,678,.763,407,1275,591,164,131,368,521
178,Middle Tennessee,32,17,15,.531,0.23,1.36,,11,9,,11,4,,5,8,,2414,2329,,1310,845,1901,.445,297,873,.340,427,608,.702,356,1159,456,197,136,368,546
179,Milwaukee,32,12,20,.375,-7.52,-2.26,,8,12,,8,6,,3,14,,2440,2548,,1280,880,1982,.444,240,744,.323,440,638,.690,402,1153,426,216,94,333,601
180,Minnesota,32,15,17,.469,10.45,8.95,,8,12,,13,4,,2,9,,2241,2193,,1295,772,1678,.460,275,791,.348,422,603,.700,273,993,556,207,85,339,470
181,Mississippi,35,15,20,.429,11.13,11.36,,4,14,,7,9,,3,7,,2656,2664,,1425,942,2114,.446,249,751,.332,523,698,.749,351,1201,473,248,151,341,675
182,Mississippi State,32,13,19,.406,7.27,11.46,,5,13,,8,8,,4,6,,2484,2618,,1295,907,2016,.450,262,809,.324,408,618,.660,363,1223,409,185,140,372,516
183,Mississippi Valley State,33,3,30,.091,-28.36,-7.89,,2,16,,2,9,,1,18,,2120,2739,,1331,754,1835,.411,170,566,.300,442,619,.714,303,1007,403,239,85,507,705
184,Missouri NCAA,32,20,12,.625,13.08,8.77,,10,8,,15,3,,5,7,,2549,2411,,1290,894,1823,.490,230,657,.350,531,774,.686,371,1139,452,213,111,396,564
185,Missouri State,34,16,18,.471,-2.67,-1.41,,8,12,,11,7,,3,10,,2551,2502,,1380,870,1933,.450,260,790,.329,551,814,.677,392,1176,492,231,105,379,595
186,Monmouth,34,19,15,.559,-2.11,-3.14,,11,7,,10,4,,6,9,,2471,2409,,1375,875,1992,.439,235,683,.344,486,651,.747,379,1190,471,265,147,386,540
187,Montana,34,18,16,.529,-2.33,-0.47,,10,8,,11,6,,5,9,,2627,2535,,1360,909,1857,.489,278,777,.358,531,690,.770,225,1169,504,190,81,465,601
188,Montana State,32,18,14,.563,1.09,-1.05,,12,6,,11,2,,6,11,,2493,2285,,1290,878,1882,.467,317,854,.371,420,564,.745,298,1059,366,219,91,320,502
189,Morehead State,33,20,13,.606,-11.13,-7.56,,15,5,,11,2,,7,10,,2484,2466,,1330,883,1913,.462,195,586,.333,523,713,.734,405,1189,443,216,101,388,568
190,Morgan State,30,14,16,.467,-19.26,-10.93,,10,4,,9,6,,5,9,,2258,2347,,1207,750,1769,.424,209,632,.331,549,740,.742,342,1048,395,149,107,377,642
191,Mount St. Mary's,32,15,17,.469,-10.35,-7.22,,11,9,,8,5,,7,11,,2178,2244,,1285,773,1765,.438,247,760,.325,385,574,.671,348,1187,436,196,96,487,572
192,Murray State,32,20,12,.625,3.90,0.49,,12,8,,12,3,,5,6,,2667,2558,,1280,894,1945,.460,303,871,.348,576,761,.757,375,1166,441,191,129,374,597
193,Navy,33,26,7,.788,-0.87,-9.90,,17,1,,15,2,,10,4,,2465,2105,,1335,858,1802,.476,217,603,.360,532,724,.735,345,1208,537,253,105,372,473
194,NC State NCAA,33,20,13,.606,18.02,10.83,,10,8,,11,6,,6,4,,2762,2525,,1335,939,2006,.468,342,881,.388,542,706,.768,325,1139,515,266,111,305,599
195,Nebraska NCAA,32,26,6,.813,21.54,10.48,,15,5,,16,2,,7,3,,2473,2119,,1290,876,1884,.465,337,956,.353,384,512,.750,281,1117,575,232,82,312,456
196,Nevada,34,22,12,.647,10.17,5.81,,12,8,,15,2,,4,8,,2582,2434,,1380,842,1920,.439,225,621,.362,673,895,.752,383,1224,482,227,129,344,619
197,Nevada-Las Vegas,33,17,16,.515,5.63,6.10,,11,9,,10,6,,6,6,,2620,2593,,1335,915,1947,.470,243,697,.349,547,796,.687,365,1155,470,250,157,398,706
198,New Hampshire,30,9,21,.300,-16.98,-7.26,,5,11,,8,5,,1,16,,2076,2238,,1230,743,1816,.409,244,789,.309,344,521,.660,313,1064,335,186,66,336,528
199,New Haven,31,14,17,.452,-13.65,-7.69,,9,9,,9,6,,5,11,,2013,2055,,1240,728,1650,.441,208,665,.313,349,507,.688,243,973,375,203,71,343,431
200,New Mexico,33,23,10,.697,13.52,5.05,,13,7,,14,3,,7,5,,2658,2337,,1320,913,1985,.460,308,851,.362,524,721,.727,355,1204,491,262,94,354,584
201,New Mexico State,32,16,16,.500,-1.29,-1.35,,8,12,,10,5,,3,8,,2403,2303,,1295,831,1942,.428,241,740,.326,498,684,.728,396,1216,414,206,101,336,638
202,New Orleans,33,15,18,.455,-3.96,-0.81,,12,10,,5,6,,9,11,,2459,2563,,1330,814,1839,.443,197,620,.318,634,853,.743,399,1236,427,191,124,474,647
203,Niagara,30,8,22,.267,-16.27,-7.85,,5,15,,6,7,,2,14,,1916,2137,,1205,701,1589,.441,213,638,.334,301,415,.725,239,875,420,169,87,358,455
204,Nicholls State,33,14,19,.424,-6.77,-2.05,,12,10,,6,6,,7,12,,2388,2471,,1320,834,1913,.436,282,845,.334,438,657,.667,346,1027,435,296,89,392,586
205,NJIT,33,16,17,.485,-15.76,-8.26,,10,6,,8,6,,8,11,,2212,2417,,1322,768,1893,.406,233,770,.303,443,627,.707,325,1138,355,220,106,382,601
206,Norfolk State,32,15,17,.469,-13.57,-10.53,,8,6,,9,4,,5,10,,2445,2362,,1280,857,1848,.464,188,559,.336,543,784,.693,371,1112,382,227,95,394,626
207,North Alabama,30,9,21,.300,-15.65,-5.51,,4,14,,5,8,,4,12,,2082,2328,,1210,735,1687,.436,174,570,.305,438,637,.688,331,1003,302,196,113,343,445
208,North Carolina NCAA,32,24,8,.750,19.39,10.92,,12,6,,18,0,,4,6,,2553,2282,,1280,896,1895,.473,276,801,.345,485,709,.684,345,1217,511,171,110,309,468
209,North Carolina A&T,30,11,19,.367,-9.56,-4.96,,4,14,,6,6,,4,11,,2252,2335,,1205,770,1672,.461,172,543,.317,540,754,.716,321,1108,358,160,117,385,539
210,North Carolina Central,32,14,18,.438,-18.15,-8.50,,8,6,,8,5,,4,12,,2299,2415,,1285,794,1807,.439,200,609,.328,511,702,.728,346,1009,435,281,113,389,568
211,North Dakota,35,18,17,.514,-8.93,-3.52,,10,6,,9,7,,7,8,,2680,2705,,1410,926,2118,.437,283,853,.332,545,774,.704,376,1159,398,297,90,343,699
212,North Dakota State NCAA,34,27,7,.794,2.50,-5.79,,14,2,,13,1,,10,5,,2745,2366,,1380,979,2091,.468,320,876,.365,467,644,.725,395,1239,528,283,97,366,499
213,North Florida,32,7,25,.219,-15.41,-2.98,,5,13,,5,8,,2,14,,2547,2821,,1285,878,1967,.446,353,1006,.351,438,566,.774,300,1032,444,162,44,401,578
214,North Texas,33,19,14,.576,2.08,1.14,,9,9,,12,5,,5,7,,2341,2225,,1350,812,1910,.425,186,621,.300,529,763,.693,401,1163,415,308,144,376,642
215,Northeastern,31,7,24,.226,-8.88,-2.82,,2,16,,2,10,,3,13,,2322,2510,,1245,855,1856,.461,236,701,.337,376,545,.690,296,979,476,216,92,355,597
216,Northern Arizona,32,10,22,.313,-10.73,-1.22,,4,14,,9,7,,1,13,,2282,2445,,1280,823,1769,.465,239,651,.367,397,583,.681,253,952,426,220,87,336,554
217,Northern Colorado,32,20,12,.625,0.30,-2.46,,10,8,,11,3,,8,7,,2640,2449,,1300,967,1972,.490,306,846,.362,400,527,.759,301,1172,530,139,85,348,572
218,Northern Illinois,30,9,21,.300,-14.77,-2.24,,4,14,,6,7,,3,14,,2086,2334,,1200,708,1703,.416,239,766,.312,431,649,.664,353,1040,374,181,56,446,549
219,Northern Iowa NCAA,35,23,12,.657,8.49,1.49,,11,9,,12,5,,6,6,,2447,2144,,1410,916,1921,.477,272,767,.355,343,491,.699,240,1118,526,226,109,327,534
220,Northern Kentucky,34,20,14,.588,-2.45,-4.67,,10,10,,12,5,,7,8,,2827,2634,,1370,982,2101,.467,320,937,.342,543,761,.714,405,1205,536,293,120,402,626
221,Northwestern,34,15,19,.441,12.61,11.43,,5,15,,9,7,,3,8,,2487,2447,,1365,890,1929,.461,216,655,.330,491,654,.751,309,1037,586,197,121,290,582
222,Northwestern State,32,10,22,.313,-9.31,-2.47,,8,14,,8,6,,2,15,,2185,2317,,1285,743,1699,.437,191,575,.332,508,685,.742,284,1005,382,206,76,374,533
223,Notre Dame,31,13,18,.419,9.05,9.93,,4,14,,10,7,,2,9,,2308,2335,,1260,801,1799,.445,279,783,.356,427,613,.697,343,1135,380,138,69,356,554
224,Oakland,32,16,16,.500,-1.35,-0.12,,12,8,,7,6,,8,9,,2642,2614,,1280,927,1957,.474,231,664,.348,557,743,.750,354,1119,504,244,116,335,487
225,Ohio,32,15,17,.469,-4.65,-1.35,,9,9,,10,6,,4,8,,2492,2515,,1290,884,1916,.461,224,728,.308,500,708,.706,322,1076,432,196,114,348,572
226,Ohio State NCAA,33,21,12,.636,19.06,12.06,,12,8,,14,3,,5,6,,2633,2402,,1335,912,1850,.493,267,741,.360,542,699,.775,307,1097,474,161,79,343,584
227,Oklahoma,34,19,15,.559,15.02,9.37,,7,11,,11,5,,4,7,,2813,2621,,1370,966,2054,.470,331,900,.368,550,738,.745,393,1216,485,213,128,338,594
228,Oklahoma State,33,19,14,.576,11.93,10.57,,6,12,,14,5,,2,7,,2781,2736,,1335,957,2080,.460,252,746,.338,615,819,.751,381,1254,488,238,87,394,570
229,Old Dominion,33,12,21,.364,-7.19,-4.19,,7,11,,7,6,,4,14,,2514,2570,,1330,878,1978,.444,254,717,.354,504,687,.734,314,1151,432,189,104,360,637
230,Omaha,33,16,17,.485,-7.25,-3.49,,8,8,,10,4,,5,10,,2507,2522,,1325,882,1905,.463,279,792,.352,464,631,.735,295,1139,431,190,93,365,550
231,Oral Roberts,33,10,23,.303,-10.11,-2.21,,4,12,,7,8,,1,13,,2420,2558,,1330,811,1896,.428,282,874,.323,516,694,.744,342,1152,392,198,111,440,651
232,Oregon,32,12,20,.375,8.95,12.04,,5,15,,10,7,,2,8,,2267,2366,,1285,776,1822,.426,250,780,.321,465,637,.730,358,1100,458,194,126,377,498
233,Oregon State,33,17,16,.515,0.78,3.81,,9,9,,12,5,,4,7,,2347,2447,,1340,747,1749,.427,271,774,.350,582,754,.772,284,1070,457,182,121,393,586
234,Pacific,33,18,15,.545,4.34,2.83,,8,10,,11,3,,4,11,,2399,2271,,1325,870,1867,.466,239,663,.360,420,557,.754,386,1260,505,179,75,430,599
235,Penn State,32,12,20,.375,3.98,9.64,,3,17,,9,8,,2,9,,2358,2539,,1280,841,1795,.469,221,683,.324,455,607,.750,266,927,406,222,54,337,496
236,Pennsylvania NCAA,29,18,11,.621,-0.50,-1.72,,9,5,,12,2,,4,8,,2207,2126,,1170,766,1740,.440,234,606,.386,441,636,.693,334,1056,405,196,91,314,482
237,Pepperdine,32,9,23,.281,-5.86,3.44,,4,14,,7,10,,2,11,,2312,2546,,1290,806,1889,.427,231,728,.317,469,625,.750,356,1086,451,193,90,410,495
238,Pittsburgh,33,13,20,.394,8.58,9.88,,5,13,,8,10,,3,8,,2327,2370,,1330,834,1899,.439,270,809,.334,389,577,.674,391,1139,436,216,102,371,535
239,Portland,34,15,19,.441,-2.08,3.95,,6,12,,12,6,,1,12,,2530,2669,,1370,907,1947,.466,205,678,.302,511,692,.738,322,1149,563,201,99,465,595
240,Portland State,31,20,11,.645,0.06,-2.66,,13,5,,11,3,,8,7,,2376,2179,,1250,851,1848,.460,207,637,.325,467,660,.708,347,1143,449,236,118,361,609
241,Prairie View A&M NCAA,35,18,17,.514,-12.74,-9.93,,9,9,,10,3,,3,13,,2761,2662,,1405,932,2102,.443,216,646,.334,681,904,.753,352,1189,418,278,163,417,670
242,Presbyterian,33,15,18,.455,-8.31,-5.21,,7,9,,10,4,,3,13,,2388,2382,,1335,861,1813,.475,170,527,.323,496,724,.685,362,1167,433,189,152,429,585
243,Princeton,29,9,20,.310,-6.92,-1.95,,5,9,,8,4,,1,12,,1989,2087,,1170,671,1582,.424,241,706,.341,406,540,.752,274,967,371,138,63,320,478
244,Providence,33,15,18,.455,10.84,9.53,,7,13,,10,6,,3,8,,2815,2772,,1355,973,2044,.476,301,828,.364,568,750,.757,363,1271,462,177,129,408,607
245,Purdue NCAA,35,27,8,.771,25.64,14.13,,13,7,,12,5,,8,3,,2858,2455,,1405,1044,2094,.499,325,857,.379,445,599,.743,395,1240,697,194,97,310,514
246,Purdue Fort Wayne,32,17,15,.531,-7.27,-2.72,,11,9,,11,4,,6,11,,2499,2467,,1280,895,1920,.466,300,853,.352,409,575,.711,257,969,440,273,101,318,499
247,Queens (NC) NCAA,34,21,13,.618,-3.30,-4.97,,13,5,,12,2,,6,10,,2886,2820,,1370,987,2046,.482,346,962,.360,566,766,.739,348,1149,541,201,100,363,675
248,Quinnipiac,32,19,13,.594,-5.48,-7.03,,12,8,,10,5,,9,7,,2411,2303,,1290,860,2004,.429,236,683,.346,455,664,.685,406,1183,434,253,142,351,521
249,Radford,32,16,16,.500,-7.12,-6.19,,9,7,,12,5,,4,8,,2604,2523,,1300,874,1951,.448,303,887,.342,553,783,.706,375,1148,417,252,112,400,585
250,Rhode Island,32,16,16,.500,2.43,0.74,,7,11,,10,6,,4,7,,2236,2182,,1290,758,1748,.434,236,760,.311,484,671,.721,339,1053,363,269,117,409,582
251,Rice,31,13,18,.419,-4.48,0.28,,7,11,,8,8,,4,9,,2291,2311,,1260,785,1870,.420,286,822,.348,435,635,.685,430,1180,379,207,121,376,573
252,Richmond,32,15,17,.469,2.26,0.29,,5,13,,11,7,,3,8,,2455,2366,,1285,828,1851,.447,288,792,.364,511,679,.753,277,1059,453,225,74,311,573
253,Rider,29,4,25,.138,-19.14,-5.00,,3,17,,4,9,,0,16,,1840,2204,,1160,673,1703,.395,129,469,.275,365,525,.695,366,1014,299,175,98,326,470
254,Robert Morris,33,22,11,.667,-1.29,-4.71,,13,7,,14,3,,8,7,,2555,2379,,1345,941,1986,.474,297,797,.373,376,543,.692,434,1243,585,190,85,414,594
255,Rutgers,33,14,19,.424,4.91,9.46,,6,14,,10,7,,2,9,,2329,2479,,1336,800,1912,.418,217,662,.328,512,691,.741,352,1080,405,202,113,335,547
256,Sacramento State,31,10,21,.323,-7.79,-0.08,,6,12,,10,4,,0,16,,2408,2542,,1245,791,1881,.421,231,693,.333,595,766,.777,298,1063,402,236,99,323,575
257,Sacred Heart,33,14,19,.424,-11.27,-8.05,,9,11,,8,5,,5,13,,2482,2528,,1325,839,1932,.434,351,979,.359,453,583,.777,338,1151,492,189,97,399,490
258,Saint Francis (PA),31,7,24,.226,-18.86,-5.83,,5,13,,5,8,,2,14,,2216,2510,,1245,793,1843,.430,239,702,.340,391,563,.694,324,1012,416,230,64,401,566
259,Saint Joseph's,33,22,11,.667,2.65,0.98,,13,5,,13,3,,6,7,,2419,2306,,1325,847,1972,.430,273,885,.308,452,608,.743,384,1280,516,181,157,387,461
260,Saint Louis NCAA,33,28,5,.848,17.27,1.52,,15,3,,19,0,,7,3,,2879,2294,,1320,1008,1980,.509,360,898,.401,503,676,.744,338,1318,605,236,115,411,604
261,Saint Mary's NCAA,32,27,5,.844,17.87,5.54,,16,2,,17,0,,8,2,,2502,2066,,1280,852,1847,.461,260,669,.389,538,668,.805,398,1291,495,180,116,346,500
262,Saint Peter's,29,17,12,.586,-7.45,-7.59,,14,6,,13,1,,4,10,,2054,1984,,1170,702,1705,.412,213,668,.319,437,596,.733,400,1035,377,261,113,337,579
263,Sam Houston,33,22,11,.667,3.57,-0.43,,13,7,,13,1,,6,9,,2714,2447,,1320,962,2073,.464,277,754,.367,513,711,.722,455,1343,506,239,93,388,578
264,Samford,32,18,14,.563,-5.26,-6.09,,11,7,,11,3,,6,9,,2525,2409,,1295,845,1862,.454,310,865,.358,525,762,.689,292,1164,473,147,89,295,513
265,San Diego,33,12,21,.364,-3.48,2.56,,5,13,,9,8,,2,11,,2458,2570,,1335,884,1989,.444,303,858,.353,387,512,.756,336,1047,530,259,91,412,597
266,San Diego State,33,22,11,.667,13.62,8.12,,14,6,,14,2,,5,5,,2580,2342,,1345,911,1921,.474,221,637,.347,537,735,.731,334,1171,494,252,151,399,625
267,San Francisco,33,17,16,.515,4.39,4.23,,8,10,,9,6,,4,7,,2464,2414,,1330,819,1876,.437,299,861,.347,527,739,.713,361,1190,460,176,99,359,566
268,San Jose State,33,9,24,.273,-1.99,6.41,,3,17,,6,10,,1,12,,2376,2591,,1325,827,1893,.437,259,723,.358,463,633,.731,340,980,354,190,74,333,582
269,Santa Clara NCAA,34,26,8,.765,15.88,6.06,,15,3,,14,1,,8,3,,2817,2463,,1360,1032,2205,.468,344,994,.346,409,556,.736,445,1214,570,303,126,368,663
270,Seattle,33,20,13,.606,4.42,2.71,,8,10,,13,4,,5,7,,2373,2211,,1326,834,1898,.439,238,726,.328,467,663,.704,302,1087,440,264,158,384,545
271,Seton Hall,33,21,12,.636,13.45,8.45,,10,10,,12,5,,6,5,,2321,2156,,1320,837,1922,.435,157,515,.305,490,678,.723,412,1180,432,304,187,366,620
272,Siena NCAA,34,23,11,.676,-4.34,-9.19,,13,7,,9,4,,9,7,,2398,2233,,1365,860,1882,.457,183,601,.304,495,644,.769,346,1170,456,197,106,351,467
273,South Alabama,32,21,11,.656,-4.39,-6.76,,11,7,,10,4,,8,6,,2387,2234,,1305,843,1808,.466,231,663,.348,470,712,.660,277,1137,379,259,72,279,405
274,South Carolina,32,13,19,.406,7.62,9.16,,4,14,,11,8,,2,8,,2398,2447,,1295,805,1855,.434,256,824,.311,532,681,.781,296,1042,426,176,76,318,563
275,South Carolina State,32,10,22,.313,-21.79,-8.63,,7,7,,6,5,,3,16,,2147,2522,,1280,732,1775,.412,197,584,.337,486,727,.669,355,993,387,223,124,473,685
276,South Carolina Upstate,32,13,19,.406,-10.24,-5.55,,5,11,,10,5,,3,13,,2376,2357,,1300,855,1941,.440,231,704,.328,435,635,.685,354,1177,411,213,150,400,584
277,South Dakota,32,16,16,.500,-8.60,-4.88,,8,8,,12,5,,3,10,,2547,2566,,1300,851,1886,.451,223,672,.332,622,844,.737,343,1101,394,199,79,378,493
278,South Dakota State,32,14,18,.438,-3.09,-2.95,,7,9,,9,4,,4,9,,2413,2331,,1285,875,1902,.460,257,747,.344,406,571,.711,350,1194,457,184,73,354,535
279,South Florida NCAA,33,25,8,.758,13.29,2.60,,15,3,,13,2,,9,3,,2895,2492,,1345,956,2178,.439,318,958,.332,665,894,.744,511,1410,567,303,136,368,645
280,Southeast Missouri State,33,20,13,.606,-6.85,-7.82,,14,6,,10,5,,8,7,,2460,2331,,1325,867,1928,.450,212,699,.303,514,738,.696,328,1124,411,224,121,388,655
281,Southeastern Louisiana,31,9,22,.290,-9.31,-2.84,,6,16,,5,7,,2,15,,2016,2184,,1245,689,1665,.414,187,661,.283,451,659,.684,315,992,361,215,87,385,550
282,Southern,34,17,17,.500,-10.98,-6.95,,11,7,,8,4,,7,12,,2707,2650,,1375,947,2089,.453,237,679,.349,576,825,.698,399,1209,511,317,130,406,637
283,Southern California,32,18,14,.563,10.58,11.16,,7,13,,9,7,,5,6,,2515,2494,,1305,857,1888,.454,199,634,.314,602,832,.724,364,1168,490,203,181,399,598
284,Southern Illinois,32,16,16,.500,3.09,0.86,,10,10,,8,6,,7,8,,2336,2226,,1295,880,1946,.452,160,576,.278,416,613,.679,364,1223,433,257,114,385,546
285,SIU Edwardsville,32,19,13,.594,-8.46,-10.25,,12,8,,10,5,,8,7,,2271,2070,,1290,826,1857,.445,234,675,.347,385,570,.675,350,1173,422,243,126,375,516
286,Southern Indiana,30,7,23,.233,-16.23,-8.98,,4,16,,3,10,,4,11,,2061,2210,,1210,700,1812,.386,227,733,.310,434,662,.656,395,1125,310,190,127,359,512
287,Southern Methodist NCAA,33,20,13,.606,17.27,10.66,,8,10,,15,3,,3,8,,2779,2561,,1330,1015,2071,.490,279,745,.374,470,634,.741,405,1244,559,234,121,373,559
288,Southern Mississippi,35,19,16,.543,-5.39,-4.51,,9,9,,10,3,,4,11,,2615,2585,,1410,903,2001,.451,179,597,.300,630,859,.733,395,1284,403,260,132,453,674
289,Southern Utah,32,10,22,.313,-9.19,-0.22,,6,12,,7,6,,2,15,,2442,2544,,1285,874,1897,.461,237,692,.342,457,633,.722,334,1148,449,178,137,453,531
290,St. Bonaventure,34,17,17,.500,2.40,1.67,,4,14,,9,7,,4,7,,2596,2532,,1370,953,2038,.468,240,642,.374,450,605,.744,401,1199,533,258,157,388,558
291,St. John's (NY) NCAA,34,28,6,.824,22.42,10.83,,18,2,,15,2,,9,1,,2773,2379,,1365,950,2093,.454,235,707,.332,638,877,.727,445,1314,553,269,166,356,588
292,St. Thomas,33,24,9,.727,3.27,-5.30,,12,4,,14,1,,8,6,,2728,2366,,1320,976,1915,.510,322,883,.365,454,667,.681,235,1102,564,247,87,311,515
293,Stanford,32,20,12,.625,12.55,9.27,,9,9,,12,6,,5,5,,2431,2326,,1280,823,1877,.438,295,829,.356,490,670,.731,360,1079,381,253,119,338,564
294,Stephen F. Austin,33,28,5,.848,4.06,-4.62,,20,2,,15,1,,12,3,,2520,2176,,1320,911,2028,.449,292,805,.363,406,596,.681,413,1230,452,228,121,303,520
295,Stetson,33,12,21,.364,-12.70,-4.70,,7,11,,9,5,,2,14,,2431,2631,,1325,854,1871,.456,306,843,.363,417,612,.681,315,1083,506,206,68,414,511
296,Stonehill,33,12,21,.364,-14.60,-9.28,,8,10,,8,5,,4,15,,2191,2263,,1340,786,1896,.415,248,770,.322,371,541,.686,331,1240,411,160,130,430,534
297,Stony Brook,32,17,15,.531,-5.46,-3.69,,9,9,,12,4,,4,9,,2295,2277,,1295,803,1892,.424,304,870,.349,385,533,.722,330,1111,424,216,119,360,515
298,Syracuse,32,15,17,.469,10.28,9.53,,6,12,,12,6,,2,7,,2400,2376,,1305,872,1876,.465,229,697,.329,427,659,.648,329,1093,411,198,189,353,526
299,Tarleton State,32,14,18,.438,-4.76,-1.48,,5,13,,10,6,,4,11,,2385,2349,,1295,836,1856,.450,147,456,.322,566,760,.745,356,1052,358,330,100,459,642
300,Temple,32,16,16,.500,1.04,-0.76,,8,10,,10,6,,5,6,,2366,2264,,1285,801,1793,.447,218,645,.338,546,731,.747,321,1077,394,182,128,288,553
301,Tennessee NCAA,33,22,11,.667,22.08,11.99,,11,7,,14,3,,5,5,,2622,2289,,1335,933,2017,.463,214,640,.334,542,781,.694,529,1405,558,248,119,385,590
302,Tennessee State NCAA,32,23,9,.719,-4.54,-8.68,,15,5,,10,2,,10,7,,2577,2347,,1285,926,2015,.460,204,616,.331,521,681,.765,417,1216,422,300,116,390,578
303,Tennessee Tech,31,13,18,.419,-13.25,-7.89,,8,12,,8,6,,5,12,,2272,2308,,1240,788,1778,.443,211,670,.315,485,639,.759,338,1122,377,184,92,412,502
304,Tennessee-Martin,33,22,11,.667,-5.92,-9.06,,13,7,,12,3,,8,6,,2303,2085,,1325,788,1873,.421,265,871,.304,462,682,.677,458,1317,448,292,143,475,552
305,Texas NCAA,32,18,14,.563,16.17,10.30,,9,9,,12,5,,4,6,,2681,2458,,1290,905,1862,.486,237,671,.353,634,843,.752,384,1205,394,184,94,353,603
306,Texas A&M NCAA,32,21,11,.656,16.76,8.60,,11,7,,14,4,,6,5,,2807,2546,,1310,946,2065,.458,346,956,.362,569,772,.737,391,1207,580,260,103,347,619
307,Texas A&M-Corpus Christi,33,18,15,.545,-2.48,-1.62,,13,9,,10,5,,7,9,,2393,2234,,1325,848,1855,.457,211,592,.356,486,718,.677,377,1191,441,251,99,436,666
308,Texas Christian NCAA,33,22,11,.667,15.75,9.51,,11,7,,14,5,,5,5,,2584,2378,,1335,896,2000,.448,244,737,.331,548,774,.708,410,1194,516,254,150,361,538
309,Texas Southern,30,12,18,.400,-14.05,-7.98,,10,8,,9,5,,3,12,,2251,2339,,1221,789,1753,.450,185,563,.329,488,681,.717,311,1069,338,204,102,409,590
310,Texas State,32,19,13,.594,-7.26,-6.69,,11,7,,16,1,,3,9,,2365,2271,,1295,865,1846,.469,151,458,.330,484,638,.759,364,1142,419,268,115,405,576
311,Texas Tech NCAA,32,22,10,.688,21.95,14.17,,12,6,,14,2,,5,5,,2573,2324,,1285,913,1953,.467,369,938,.393,378,529,.715,369,1182,507,185,119,346,523
312,Texas-Rio Grande Valley,33,19,14,.576,0.93,-2.20,,14,8,,10,5,,8,8,,2505,2293,,1335,889,1876,.474,310,828,.374,417,547,.762,314,1152,546,200,93,399,592
313,The Citadel,33,11,22,.333,-16.51,-5.91,,7,11,,7,8,,3,12,,2322,2558,,1345,817,1930,.423,314,959,.327,374,556,.673,345,1087,422,183,81,343,537
314,Toledo,34,19,15,.559,0.78,-1.57,,11,7,,11,4,,5,9,,2755,2603,,1360,1020,2084,.489,246,673,.366,469,618,.759,351,1155,550,262,103,347,504
315,Towson,34,19,15,.559,-0.82,-1.44,,9,9,,11,3,,3,10,,2354,2248,,1365,858,2028,.423,217,715,.303,421,606,.695,460,1332,346,204,114,351,533
316,Troy NCAA,33,22,11,.667,-0.76,-4.57,,12,6,,10,3,,9,7,,2649,2412,,1370,905,2014,.449,307,917,.335,532,721,.738,420,1264,527,263,112,392,552
317,Tulane,33,18,15,.545,-2.50,1.13,,8,10,,10,8,,6,4,,2389,2493,,1330,764,1806,.423,261,814,.321,600,783,.766,264,1027,424,254,148,354,584
318,Tulsa,33,26,7,.788,11.14,0.78,,13,5,,13,2,,8,4,,2824,2409,,1335,929,1949,.477,350,903,.388,616,789,.781,371,1254,515,209,81,345,532
319,UAB,32,20,12,.625,3.56,-0.24,,11,7,,8,9,,10,2,,2535,2361,,1295,915,2064,.443,177,629,.281,528,749,.705,413,1278,459,253,113,285,457
320,UC Davis,33,19,14,.576,-1.09,-1.13,,11,9,,12,4,,6,9,,2562,2478,,1330,849,1903,.446,285,820,.348,579,772,.750,304,1097,512,265,89,423,618
321,UC Irvine,34,23,11,.676,3.65,-1.42,,15,5,,12,4,,7,5,,2632,2327,,1375,965,2078,.464,196,576,.340,506,731,.692,396,1373,547,264,201,433,535
322,UC Riverside,32,10,22,.313,-7.76,-0.30,,5,15,,7,7,,3,15,,2334,2492,,1280,810,1872,.433,235,727,.323,479,645,.743,330,1111,407,171,132,418,610
323,UC San Diego,34,23,11,.676,2.32,-1.68,,12,8,,10,5,,8,5,,2573,2390,,1360,919,2008,.458,284,858,.331,451,649,.695,328,1256,512,259,89,389,544
324,UC Santa Barbara,32,18,14,.563,1.15,-1.82,,11,9,,11,4,,5,8,,2483,2328,,1300,840,1794,.468,289,775,.373,514,674,.763,337,1123,455,205,76,411,601
325,UCF NCAA,32,21,11,.656,13.30,10.80,,9,9,,13,5,,5,5,,2591,2511,,1290,940,2017,.466,251,694,.362,460,622,.740,396,1190,504,181,96,358,560
326,UCLA NCAA,34,23,11,.676,18.28,11.55,,13,7,,17,1,,4,6,,2643,2414,,1375,934,1984,.471,272,712,.382,503,656,.767,339,1098,555,223,99,302,582
327,UNC Asheville,32,15,17,.469,-6.17,-3.89,,8,8,,9,7,,4,9,,2349,2334,,1295,820,1800,.456,221,633,.349,488,710,.687,336,1114,351,174,114,386,576
328,UNC Greensboro,34,15,19,.441,-11.31,-6.02,,9,9,,8,6,,4,9,,2673,2736,,1375,909,1983,.458,283,785,.361,572,809,.707,342,1204,436,189,63,346,549
329,UNC Wilmington,32,26,6,.813,2.50,-5.04,,15,3,,15,3,,11,2,,2465,2166,,1280,836,1876,.446,256,717,.357,537,782,.687,423,1279,433,169,77,320,549
330,UT Arlington,32,18,14,.563,-1.74,-1.70,,9,9,,9,4,,8,8,,2240,2134,,1295,776,1776,.437,157,540,.291,531,739,.719,392,1187,373,245,119,444,600
331,Utah,32,10,22,.313,6.19,10.94,,2,16,,8,9,,1,10,,2379,2531,,1285,848,1867,.454,247,700,.353,436,591,.738,321,1075,438,171,109,366,517
332,Utah State NCAA,34,28,6,.824,17.36,6.51,,15,5,,14,1,,7,5,,2806,2392,,1365,990,1986,.498,293,818,.358,531,751,.707,371,1176,599,299,99,360,642
333,Utah Tech,34,19,15,.559,-3.56,-1.30,,11,7,,11,3,,6,10,,2612,2548,,1395,941,1989,.473,266,766,.347,464,636,.730,324,1155,498,245,108,420,551
334,Utah Valley,33,25,8,.758,5.36,-1.77,,14,4,,15,0,,6,7,,2646,2259,,1335,971,1931,.503,220,643,.342,484,699,.692,392,1210,608,311,182,465,606
335,UTEP,31,11,20,.355,-6.66,-0.41,,7,13,,9,7,,2,11,,2149,2244,,1255,746,1748,.427,228,675,.338,429,613,.700,303,1009,364,236,111,362,571
336,UTSA,30,5,25,.167,-14.21,1.44,,1,17,,2,12,,2,12,,2084,2422,,1200,743,1865,.398,225,757,.297,373,540,.691,370,1087,326,198,130,359,509
337,Valparaiso,33,18,15,.545,-0.03,0.66,,11,9,,13,4,,4,10,,2376,2358,,1345,808,1923,.420,240,705,.340,520,736,.707,397,1195,399,197,115,348,587
338,Vanderbilt NCAA,34,26,8,.765,22.83,11.68,,11,7,,13,3,,8,4,,2936,2557,,1370,991,2085,.475,323,909,.355,631,796,.793,364,1201,557,277,156,323,657
339,Vermont,34,22,12,.647,-6.82,-10.20,,12,4,,13,3,,8,7,,2496,2330,,1375,886,1915,.463,292,859,.340,432,605,.714,299,1183,432,156,100,320,574
340,Villanova NCAA,32,24,8,.750,16.30,9.93,,15,5,,13,3,,9,3,,2469,2265,,1295,873,1912,.457,308,873,.353,415,598,.694,369,1103,496,238,70,324,513
341,Virginia NCAA,34,29,5,.853,21.60,9.36,,15,3,,16,1,,8,2,,2742,2326,,1385,952,2058,.463,344,957,.359,494,680,.726,449,1367,563,219,220,368,597
342,Virginia Commonwealth NCAA,34,27,7,.794,13.19,3.11,,15,3,,15,2,,7,3,,2773,2430,,1360,909,1974,.460,317,864,.367,638,863,.739,380,1247,479,251,148,358,588
343,VMI,32,6,26,.188,-20.72,-6.03,,1,17,,5,9,,1,14,,2303,2560,,1280,776,1932,.402,343,1044,.329,408,564,.723,325,1064,403,225,77,321,535
344,Virginia Tech,32,19,13,.594,13.28,9.38,,8,10,,14,3,,3,7,,2521,2396,,1315,878,1943,.452,274,771,.355,491,661,.743,353,1113,460,205,102,334,548
345,Wagner,31,14,17,.452,-11.79,-8.69,,8,10,,8,5,,6,12,,2210,2222,,1265,786,1798,.437,229,655,.350,409,560,.730,368,1155,389,172,78,396,576
346,Wake Forest,33,17,16,.515,12.57,10.79,,7,11,,12,6,,2,7,,2602,2543,,1335,886,1967,.450,296,860,.344,534,690,.774,332,1094,471,258,115,357,619
347,Washington,33,16,17,.485,14.17,10.68,,7,13,,10,6,,4,9,,2545,2430,,1335,929,2029,.458,221,702,.315,466,610,.764,392,1226,459,189,137,347,557
348,Washington State,32,12,20,.375,3.49,5.10,,7,11,,9,6,,1,11,,2435,2480,,1280,857,1836,.467,303,822,.369,418,563,.742,314,1097,444,180,93,417,570
349,Weber State,32,16,16,.500,-2.82,-2.59,,10,8,,11,5,,5,10,,2598,2474,,1295,918,1959,.469,228,653,.349,534,728,.734,371,1183,430,230,50,354,588
350,West Georgia,32,15,17,.469,-10.95,-5.78,,8,10,,10,5,,4,11,,2450,2547,,1295,905,2026,.447,227,675,.336,413,590,.700,385,1185,408,207,159,360,538
351,West Virginia,32,18,14,.563,12.80,8.37,,9,9,,15,3,,3,6,,2214,2072,,1295,773,1753,.441,247,752,.328,421,622,.677,335,1106,411,205,94,363,493
352,Western Carolina,31,15,16,.484,-6.41,-3.72,,10,8,,10,3,,4,12,,2432,2397,,1250,872,1961,.445,269,806,.334,419,585,.716,428,1205,397,190,85,355,590
353,Western Illinois,31,5,26,.161,-23.44,-8.16,,1,19,,4,11,,1,15,,2011,2381,,1245,702,1742,.403,182,580,.314,425,639,.665,321,988,261,161,61,365,499
354,Western Kentucky,32,18,14,.563,0.47,-0.47,,11,9,,12,4,,5,7,,2537,2436,,1290,819,1984,.413,270,791,.341,629,829,.759,411,1245,426,244,74,332,633
355,Western Michigan,31,10,21,.323,-8.32,-2.15,,4,14,,7,8,,3,13,,2318,2464,,1245,815,1851,.440,228,649,.351,460,620,.742,342,1126,392,142,82,376,578
356,Wichita State,33,22,11,.667,8.72,2.10,,13,5,,14,3,,7,4,,2562,2324,,1350,907,2050,.442,240,704,.341,508,736,.690,484,1353,383,200,132,342,573
357,William & Mary,32,20,12,.625,-0.06,-2.69,,10,8,,11,2,,6,9,,2660,2487,,1280,895,1864,.480,263,793,.332,607,815,.745,284,1117,573,256,126,388,561
358,Winthrop,34,23,11,.676,-0.64,-4.42,,13,3,,13,1,,7,9,,2844,2566,,1365,927,2125,.436,320,944,.339,670,917,.731,474,1403,486,239,99,370,653
359,Wisconsin NCAA,34,24,10,.706,19.52,12.44,,14,6,,15,2,,6,4,,2822,2581,,1380,947,2106,.450,400,1108,.361,528,672,.786,353,1207,543,193,105,304,584
360,Wofford,32,19,13,.594,-7.38,-7.18,,11,7,,10,5,,9,7,,2520,2468,,1285,869,1913,.454,293,839,.349,489,695,.704,353,1114,450,185,98,300,554
361,Wright State NCAA,34,23,11,.676,0.12,-4.44,,15,5,,11,5,,9,5,,2745,2497,,1365,975,1996,.488,241,667,.361,554,753,.736,383,1204,469,252,148,383,590
362,Wyoming,32,18,14,.563,7.55,4.07,,9,11,,14,4,,3,9,,2467,2335,,1280,852,1880,.453,262,795,.330,501,673,.744,387,1138,447,205,75,353,667
363,Xavier,33,15,18,.455,7.87,10.15,,6,14,,12,6,,1,10,,2586,2661,,1330,925,2084,.444,309,846,.365,427,586,.729,329,1133,575,214,132,330,577
364,Yale,30,24,6,.800,6.13,-2.51,,11,3,,10,2,,9,3,,2453,2129,,1215,871,1756,.496,255,637,.400,456,603,.756,318,1056,492,167,96,280,470
365,Youngstown State,32,15,17,.469,-4.44,-4.64,,8,12,,10,5,,4,11,,2495,2338,,1285,869,1879,.462,318,918,.346,439,594,.739,347,1106,471,231,116,405,554